date,perc_return,return,price
1900-1-1,2.10%,0.021,102.1
1900-2-1,1.11%,0.0111,103.23
1900-3-1,1.59%,0.0159,104.87
1900-4-1,-4.42%,-0.0442,100.24
1900-5-1,-2.64%,-0.0264,97.59
1900-6-1,0.36%,0.0036,97.95
1900-7-1,1.74%,0.0174,99.65
1900-8-1,-1.98%,-0.0198,97.68
1900-9-1,4.02%,0.0402,101.6
1900-10-1,8.22%,0.0822,109.95
1900-11-1,6.39%,0.0639,116.98
1900-12-1,3.28%,0.0328,120.81
1901-1-1,2.90%,0.029,124.32
1901-2-1,3.93%,0.0393,129.21
1901-3-1,8.73%,0.0873,140.49
1901-4-1,-4.72%,-0.0472,133.85
1901-5-1,10.29%,0.1029,147.63
1901-6-1,-6.40%,-0.064,138.18
1901-7-1,1.71%,0.0171,140.55
1901-8-1,-0.17%,-0.0017,140.31
1901-9-1,-0.80%,-0.008,139.19
1901-10-1,2.48%,0.0248,142.64
1901-11-1,-1.28%,-0.0128,140.82
1901-12-1,2.47%,0.0247,144.3
1902-1-1,1.19%,0.0119,146.02
1902-2-1,0.45%,0.0045,146.68
1902-3-1,3.74%,0.0374,152.17
1902-4-1,0.08%,0.0008,152.29
1902-5-1,-0.27%,-0.0027,151.88
1902-6-1,2.58%,0.0258,155.8
1902-7-1,2.99%,0.0299,160.46
1902-8-1,0.53%,0.0053,161.31
1902-9-1,-2.86%,-0.0286,156.71
1902-10-1,-3.53%,-0.0353,151.17
1902-11-1,-1.97%,-0.0197,148.19
1902-12-1,5.43%,0.0543,156.24
1903-1-1,-0.26%,-0.0026,155.83
1903-2-1,-3.59%,-0.0359,150.23
1903-3-1,-3.74%,-0.0374,144.62
1903-4-1,-1.57%,-0.0157,142.34
1903-5-1,-5.16%,-0.0516,135
1903-6-1,-4.20%,-0.042,129.33
1903-7-1,-2.80%,-0.028,125.71
1903-8-1,-1.98%,-0.0198,123.22
1903-9-1,-2.80%,-0.028,119.77
1903-10-1,0.78%,0.0078,120.71
1903-11-1,5.08%,0.0508,126.84
1903-12-1,2.12%,0.0212,129.52
1904-1-1,-2.26%,-0.0226,126.59
1904-2-1,0.13%,0.0013,126.76
1904-3-1,2.91%,0.0291,130.45
1904-4-1,-1.69%,-0.0169,128.25
1904-5-1,0.58%,0.0058,128.99
1904-6-1,4.57%,0.0457,134.89
1904-7-1,3.79%,0.0379,140
1904-8-1,4.81%,0.0481,146.73
1904-9-1,6.24%,0.0624,155.89
1904-10-1,5.76%,0.0576,164.87
1904-11-1,1.30%,0.013,167.01
1904-12-1,2.49%,0.0249,171.17
1905-1-1,4.70%,0.047,179.22
1905-2-1,3.14%,0.0314,184.84
1905-3-1,-0.93%,-0.0093,183.13
1905-4-1,-4.63%,-0.0463,174.66
1905-5-1,1.49%,0.0149,177.26
1905-6-1,3.45%,0.0345,183.37
1905-7-1,4.02%,0.0402,190.75
1905-8-1,0.62%,0.0062,191.93
1905-9-1,1.70%,0.017,195.19
1905-10-1,-0.24%,-0.0024,194.72
1905-11-1,2.76%,0.0276,200.1
1905-12-1,3.75%,0.0375,207.6
1906-1-1,-0.43%,-0.0043,206.72
1906-2-1,-2.16%,-0.0216,202.25
1906-3-1,-1.06%,-0.0106,200.12
1906-4-1,-2.34%,-0.0234,195.44
1906-5-1,1.63%,0.0163,198.63
1906-6-1,-2.25%,-0.0225,194.15
1906-7-1,7.74%,0.0774,209.17
1906-8-1,3.41%,0.0341,216.3
1906-9-1,-2.67%,-0.0267,210.51
1906-10-1,2.39%,0.0239,215.54
1906-11-1,-0.58%,-0.0058,214.3
1906-12-1,-2.51%,-0.0251,208.93
1907-1-1,-2.79%,-0.0279,203.11
1907-2-1,-9.46%,-0.0946,183.89
1907-3-1,0.89%,0.0089,185.52
1907-4-1,-3.05%,-0.0305,179.87
1907-5-1,-2.78%,-0.0278,174.87
1907-6-1,4.27%,0.0427,182.34
1907-7-1,-7.06%,-0.0706,169.47
1907-8-1,-0.59%,-0.0059,168.47
1907-9-1,-10.39%,-0.1039,150.96
1907-10-1,-5.33%,-0.0533,142.92
1907-11-1,5.70%,0.057,151.06
1907-12-1,4.82%,0.0482,158.35
1908-1-1,-3.12%,-0.0312,153.41
1908-2-1,4.64%,0.0464,160.52
1908-3-1,5.91%,0.0591,170.01
1908-4-1,5.88%,0.0588,180
1908-5-1,0.59%,0.0059,181.07
1908-6-1,4.12%,0.0412,188.53
1908-7-1,4.73%,0.0473,197.45
1908-8-1,-0.67%,-0.0067,196.12
1908-9-1,1.64%,0.0164,199.34
1908-10-1,7.18%,0.0718,213.66
1908-11-1,2.65%,0.0265,219.31
1908-12-1,0.70%,0.007,220.85
1909-1-1,-2.50%,-0.025,215.33
1909-2-1,1.75%,0.0175,219.1
1909-3-1,4.87%,0.0487,229.76
1909-4-1,3.70%,0.037,238.25
1909-5-1,2.13%,0.0213,243.32
1909-6-1,1.79%,0.0179,247.66
1909-7-1,2.77%,0.0277,254.52
1909-8-1,0.45%,0.0045,255.66
1909-9-1,0.74%,0.0074,257.56
1909-10-1,-0.14%,-0.0014,257.21
1909-11-1,1.54%,0.0154,261.17
1909-12-1,-1.78%,-0.0178,256.52
1910-1-1,-3.21%,-0.0321,248.29
1910-2-1,2.85%,0.0285,255.37
1910-3-1,-2.04%,-0.0204,250.18
1910-4-1,-1.26%,-0.0126,247.02
1910-5-1,-4.42%,-0.0442,236.11
1910-6-1,-4.64%,-0.0464,225.16
1910-7-1,2.87%,0.0287,231.63
1910-8-1,1.11%,0.0111,234.2
1910-9-1,5.03%,0.0503,245.99
1910-10-1,0.31%,0.0031,246.75
1910-11-1,-2.37%,-0.0237,240.89
1910-12-1,2.86%,0.0286,247.79
1911-1-1,2.15%,0.0215,253.11
1911-2-1,-0.75%,-0.0075,251.21
1911-3-1,-0.01%,-0.0001,251.19
1911-4-1,2.58%,0.0258,257.66
1911-5-1,2.42%,0.0242,263.89
1911-6-1,-0.01%,-0.0001,263.87
1911-7-1,-4.37%,-0.0437,252.34
1911-8-1,-5.03%,-0.0503,239.66
1911-9-1,1.03%,0.0103,242.12
1911-10-1,4.46%,0.0446,252.93
1911-11-1,0.87%,0.0087,255.13
1911-12-1,0.54%,0.0054,256.51
1912-1-1,-0.45%,-0.0045,255.36
1912-2-1,3.31%,0.0331,263.82
1912-3-1,3.54%,0.0354,273.16
1912-4-1,0.31%,0.0031,274
1912-5-1,0.41%,0.0041,275.13
1912-6-1,0.52%,0.0052,276.55
1912-7-1,2.71%,0.0271,284.04
1912-8-1,0.91%,0.0091,286.64
1912-9-1,0.20%,0.002,287.22
1912-10-1,-0.71%,-0.0071,285.17
1912-11-1,-3.19%,-0.0319,276.08
1912-12-1,-0.43%,-0.0043,274.9
1913-1-1,-3.12%,-0.0312,266.33
1913-2-1,-1.45%,-0.0145,262.47
1913-3-1,0.34%,0.0034,263.37
1913-4-1,-2.28%,-0.0228,257.37
1913-5-1,-4.56%,-0.0456,245.63
1913-6-1,1.85%,0.0185,250.17
1913-7-1,3.16%,0.0316,258.07
1913-8-1,1.42%,0.0142,261.74
1913-9-1,-2.70%,-0.027,254.68
1913-10-1,-2.06%,-0.0206,249.44
1913-11-1,0.37%,0.0037,250.37
1913-12-1,4.60%,0.046,261.89
1914-1-1,1.79%,0.0179,266.57
1914-2-1,-1.42%,-0.0142,262.77
1914-3-1,-1.94%,-0.0194,257.68
1914-4-1,1.09%,0.0109,260.48
1914-5-1,-0.03%,-0.0003,260.42
1914-6-1,-5.07%,-0.0507,247.21
1914-7-1,0.48%,0.0048,248.4
1914-8-1,0.48%,0.0048,249.58
1914-9-1,0.47%,0.0047,250.76
1914-10-1,0.47%,0.0047,251.93
1914-11-1,-3.84%,-0.0384,242.27
1914-12-1,2.24%,0.0224,247.71
1915-1-1,-0.87%,-0.0087,245.56
1915-2-1,3.05%,0.0305,253.05
1915-3-1,7.99%,0.0799,273.28
1915-4-1,-1.90%,-0.019,268.09
1915-5-1,1.58%,0.0158,272.31
1915-6-1,0.07%,0.0007,272.5
1915-7-1,4.69%,0.0469,285.27
1915-8-1,4.14%,0.0414,297.08
1915-9-1,5.95%,0.0595,314.76
1915-10-1,3.89%,0.0389,327.01
1915-11-1,0.59%,0.0059,328.94
1915-12-1,-1.20%,-0.012,324.98
1916-1-1,-1.00%,-0.01,321.73
1916-2-1,0.08%,0.0008,322
1916-3-1,-0.67%,-0.0067,319.84
1916-4-1,2.64%,0.0264,328.28
1916-5-1,1.41%,0.0141,332.9
1916-6-1,-0.95%,-0.0095,329.74
1916-7-1,1.22%,0.0122,333.75
1916-8-1,4.55%,0.0455,348.93
1916-9-1,3.55%,0.0355,361.33
1916-10-1,2.75%,0.0275,371.28
1916-11-1,-3.57%,-0.0357,358.04
1916-12-1,-1.87%,-0.0187,351.34
1917-1-1,-5.15%,-0.0515,333.26
1917-2-1,3.64%,0.0364,345.38
1917-3-1,-0.97%,-0.0097,342.02
1917-4-1,-2.83%,-0.0283,332.33
1917-5-1,2.61%,0.0261,341
1917-6-1,-2.19%,-0.0219,333.54
1917-7-1,-2.36%,-0.0236,325.68
1917-8-1,-4.17%,-0.0417,312.09
1917-9-1,-4.74%,-0.0474,297.28
1917-10-1,-7.61%,-0.0761,274.66
1917-11-1,-2.61%,-0.0261,267.51
1917-12-1,6.87%,0.0687,285.9
1918-1-1,3.84%,0.0384,296.87
1918-2-1,-1.27%,-0.0127,293.11
1918-3-1,-0.21%,-0.0021,292.5
1918-4-1,3.94%,0.0394,304.03
1918-5-1,0.85%,0.0085,306.62
1918-6-1,1.51%,0.0151,311.25
1918-7-1,1.62%,0.0162,316.29
1918-8-1,0.14%,0.0014,316.75
1918-9-1,4.91%,0.0491,332.29
1918-10-1,3.17%,0.0317,342.82
1918-11-1,-1.39%,-0.0139,338.07
1918-12-1,-0.03%,-0.0003,337.97
1919-1-1,0.98%,0.0098,341.29
1919-2-1,3.64%,0.0364,353.72
1919-3-1,3.90%,0.039,367.51
1919-4-1,7.47%,0.0747,394.95
1919-5-1,3.19%,0.0319,407.55
1919-6-1,3.75%,0.0375,422.85
1919-7-1,-6.25%,-0.0625,396.42
1919-8-1,2.09%,0.0209,404.7
1919-9-1,5.60%,0.056,427.38
1919-10-1,-2.48%,-0.0248,416.77
1919-11-1,-2.45%,-0.0245,406.54
1919-12-1,-0.51%,-0.0051,404.45
1920-1-1,-7.77%,-0.0777,373.03
1920-2-1,7.58%,0.0758,401.3
1920-3-1,-0.30%,-0.003,400.08
1920-4-1,-5.77%,-0.0577,376.99
1920-5-1,-1.20%,-0.012,372.48
1920-6-1,0.42%,0.0042,374.04
1920-7-1,-3.37%,-0.0337,361.43
1920-8-1,4.12%,0.0412,376.32
1920-9-1,0.67%,0.0067,378.85
1920-10-1,-4.53%,-0.0453,361.67
1920-11-1,-8.39%,-0.0839,331.34
1920-12-1,5.03%,0.0503,348
1921-1-1,-0.11%,-0.0011,347.62
1921-2-1,-1.96%,-0.0196,340.81
1921-3-1,1.04%,0.0104,344.35
1921-4-1,3.63%,0.0363,356.87
1921-5-1,-7.43%,-0.0743,330.34
1921-6-1,0.31%,0.0031,331.37
1921-7-1,-0.61%,-0.0061,329.34
1921-8-1,3.10%,0.031,339.54
1921-9-1,1.96%,0.0196,346.19
1921-10-1,5.96%,0.0596,366.81
1921-11-1,4.09%,0.0409,381.8
1921-12-1,0.39%,0.0039,383.28
1922-1-1,2.72%,0.0272,393.72
1922-2-1,4.28%,0.0428,410.55
1922-3-1,6.58%,0.0658,437.57
1922-4-1,4.38%,0.0438,456.74
1922-5-1,-0.47%,-0.0047,454.61
1922-6-1,1.19%,0.0119,460.01
1922-7-1,4.24%,0.0424,479.51
1922-8-1,3.07%,0.0307,494.23
1922-9-1,2.67%,0.0267,507.4
1922-10-1,-4.52%,-0.0452,484.49
1922-11-1,0.25%,0.0025,485.71
1922-12-1,1.85%,0.0185,494.7
1923-1-1,4.75%,0.0475,518.19
1923-2-1,2.08%,0.0208,528.95
1923-3-1,-3.04%,-0.0304,512.85
1923-4-1,-4.25%,-0.0425,491.04
1923-5-1,-3.31%,-0.0331,474.8
1923-6-1,-2.84%,-0.0284,461.33
1923-7-1,1.04%,0.0104,466.1
1923-8-1,1.16%,0.0116,471.49
1923-9-1,-0.94%,-0.0094,467.08
1923-10-1,3.54%,0.0354,483.59
1923-11-1,3.92%,0.0392,502.54
1923-12-1,3.79%,0.0379,521.59
1924-1-1,0.95%,0.0095,526.57
1924-2-1,-1.42%,-0.0142,519.12
1924-3-1,-1.79%,-0.0179,509.85
1924-4-1,0.17%,0.0017,510.73
1924-5-1,2.42%,0.0242,523.08
1924-6-1,5.16%,0.0516,550.06
1924-7-1,3.93%,0.0393,571.69
1924-8-1,-0.48%,-0.0048,568.95
1924-9-1,-0.81%,-0.0081,564.36
1924-10-1,6.08%,0.0608,598.7
1924-11-1,5.87%,0.0587,633.84
1924-12-1,4.58%,0.0458,662.9
1925-1-1,1.29%,0.0129,671.43
1925-2-1,-2.19%,-0.0219,656.74
1925-3-1,-0.61%,-0.0061,652.75
1925-4-1,3.67%,0.0367,676.7
1925-5-1,2.24%,0.0224,691.85
1925-6-1,3.22%,0.0322,714.14
1925-7-1,1.79%,0.0179,726.9
1925-8-1,2.74%,0.0274,746.84
1925-9-1,3.73%,0.0373,774.67
1925-10-1,3.53%,0.0353,801.99
1925-11-1,2.04%,0.0204,818.32
1925-12-1,1.93%,0.0193,834.08
1926-1-1,0.56%,0.0056,838.74
1926-2-1,-6.38%,-0.0638,785.2
1926-3-1,-2.35%,-0.0235,766.71
1926-4-1,1.15%,0.0115,775.56
1926-5-1,5.22%,0.0522,816.02
1926-6-1,4.66%,0.0466,854.01
1926-7-1,4.39%,0.0439,891.53
1926-8-1,1.94%,0.0194,908.85
1926-9-1,-1.83%,-0.0183,892.18
1926-10-1,1.74%,0.0174,907.68
1926-11-1,2.71%,0.0271,932.24
1926-12-1,-0.24%,-0.0024,930
1927-1-1,2.37%,0.0237,952.07
1927-2-1,1.97%,0.0197,970.79
1927-3-1,2.88%,0.0288,998.73
1927-4-1,3.87%,0.0387,1037.37
1927-5-1,1.70%,0.017,1055.03
1927-6-1,2.62%,0.0262,1082.72
1927-7-1,5.73%,0.0573,1144.71
1927-8-1,6.06%,0.0606,1214.12
1927-9-1,-1.17%,-0.0117,1199.96
1927-10-1,2.66%,0.0266,1231.84
1927-11-1,2.72%,0.0272,1265.31
1927-12-1,0.77%,0.0077,1275.03
1928-1-1,-0.83%,-0.0083,1264.47
1928-2-1,5.75%,0.0575,1337.13
1928-3-1,6.66%,0.0666,1426.21
1928-4-1,3.44%,0.0344,1475.2
1928-5-1,-4.57%,-0.0457,1407.85
1928-6-1,1.09%,0.0109,1423.21
1928-7-1,3.59%,0.0359,1474.32
1928-8-1,7.37%,0.0737,1583.04
1928-9-1,2.36%,0.0236,1620.37
1928-10-1,7.08%,0.0708,1735.12
1928-11-1,0.70%,0.007,1747.18
1928-12-1,7.69%,0.0769,1881.58
1929-1-1,0.81%,0.0081,1896.85
1929-2-1,2.05%,0.0205,1935.75
1929-3-1,-0.30%,-0.003,1929.91
1929-4-1,1.80%,0.018,1964.59
1929-5-1,2.20%,0.022,2007.84
1929-6-1,9.20%,0.092,2192.57
1929-7-1,5.96%,0.0596,2323.19
1929-8-1,4.24%,0.0424,2421.79
1929-9-1,-10.32%,-0.1032,2171.74
1929-10-1,-26.19%,-0.2619,1602.94
1929-11-1,4.37%,0.0437,1673.04
1929-12-1,1.83%,0.0183,1703.6
1930-1-1,6.64%,0.0664,1816.67
1930-2-1,4.12%,0.0412,1891.55
1930-3-1,6.69%,0.0669,2018.05
1930-4-1,-5.65%,-0.0565,1904
1930-5-1,-9.77%,-0.0977,1717.99
1930-6-1,-1.76%,-0.0176,1687.75
1930-7-1,-0.90%,-0.009,1672.63
1930-8-1,0.34%,0.0034,1678.38
1930-9-1,-13.37%,-0.1337,1453.96
1930-10-1,-6.80%,-0.068,1355.09
1930-11-1,-6.19%,-0.0619,1271.25
1930-12-1,3.56%,0.0356,1316.46
1931-1-1,8.14%,0.0814,1423.6
1931-2-1,2.38%,0.0238,1457.49
1931-3-1,-9.08%,-0.0908,1325.16
1931-4-1,-9.16%,-0.0916,1203.77
1931-5-1,-2.68%,-0.0268,1171.52
1931-6-1,3.86%,0.0386,1216.71
1931-7-1,-2.49%,-0.0249,1186.48
1931-8-1,-14.37%,-0.1437,1016
1931-9-1,-12.75%,-0.1275,886.46
1931-10-1,2.05%,0.0205,904.67
1931-11-1,-18.10%,-0.181,740.93
1931-12-1,-0.85%,-0.0085,734.63
1932-1-1,-0.05%,-0.0005,734.29
1932-2-1,1.14%,0.0114,742.67
1932-3-1,-23.22%,-0.2322,570.19
1932-4-1,-11.31%,-0.1131,505.67
1932-5-1,-12.39%,-0.1239,443.01
1932-6-1,6.18%,0.0618,470.41
1932-7-1,51.35%,0.5135,711.98
1932-8-1,10.37%,0.1037,785.78
1932-9-1,-13.22%,-0.1322,681.93
1932-10-1,-0.34%,-0.0034,679.64
1932-11-1,-2.64%,-0.0264,661.7
1932-12-1,4.57%,0.0457,691.94
1933-1-1,-11.27%,-0.1127,613.99
1933-2-1,0.33%,0.0033,616.03
1933-3-1,11.24%,0.1124,685.29
1933-4-1,29.32%,0.2932,886.2
1933-5-1,17.58%,0.1758,1042.02
1933-6-1,8.46%,0.0846,1130.2
1933-7-1,-4.64%,-0.0464,1077.74
1933-8-1,-0.48%,-0.0048,1072.52
1933-9-1,-9.38%,-0.0938,971.95
1933-10-1,2.80%,0.028,999.17
1933-11-1,2.32%,0.0232,1022.37
1933-12-1,6.08%,0.0608,1084.58
1934-1-1,7.75%,0.0775,1168.63
1934-2-1,-4.80%,-0.048,1112.55
1934-3-1,2.02%,0.0202,1135.02
1934-4-1,-9.83%,-0.0983,1023.48
1934-5-1,1.70%,0.017,1040.91
1934-6-1,-4.36%,-0.0436,995.57
1934-7-1,-3.51%,-0.0351,960.58
1934-8-1,-2.01%,-0.0201,941.29
1934-9-1,1.21%,0.0121,952.66
1934-10-1,3.21%,0.0321,983.25
1934-11-1,1.06%,0.0106,993.66
1934-12-1,0.40%,0.004,997.68
1935-1-1,-2.62%,-0.0262,971.56
1935-2-1,-5.93%,-0.0593,913.95
1935-3-1,7.94%,0.0794,986.49
1935-4-1,8.27%,0.0827,1068.03
1935-5-1,4.17%,0.0417,1112.6
1935-6-1,5.60%,0.056,1174.9
1935-7-1,7.10%,0.071,1258.38
1935-8-1,2.43%,0.0243,1289
1935-9-1,2.99%,0.0299,1327.49
1935-10-1,9.71%,0.0971,1456.39
1935-11-1,0.29%,0.0029,1460.67
1935-12-1,5.82%,0.0582,1545.71
1936-1-1,6.03%,0.0603,1638.95
1936-2-1,2.41%,0.0241,1678.47
1936-3-1,0.41%,0.0041,1685.43
1936-4-1,-5.02%,-0.0502,1600.83
1936-5-1,4.57%,0.0457,1674.05
1936-6-1,6.23%,0.0623,1778.41
1936-7-1,2.30%,0.023,1819.27
1936-8-1,1.44%,0.0144,1845.54
1936-9-1,5.55%,0.0555,1947.98
1936-10-1,3.10%,0.031,2008.4
1936-11-1,-1.40%,-0.014,1980.28
1936-12-1,3.46%,0.0346,2048.77
1937-1-1,3.30%,0.033,2116.42
1937-2-1,0.23%,0.0023,2121.29
1937-3-1,-5.62%,-0.0562,2001.97
1937-4-1,-4.09%,-0.0409,1920.18
1937-5-1,-3.34%,-0.0334,1856.07
1937-6-1,6.39%,0.0639,1974.75
1937-7-1,1.44%,0.0144,2003.12
1937-8-1,-13.76%,-0.1376,1727.43
1937-9-1,-14.10%,-0.141,1483.9
1937-10-1,-8.27%,-0.0827,1361.25
1937-11-1,-1.02%,-0.0102,1347.38
1937-12-1,3.24%,0.0324,1390.98
1938-1-1,-1.80%,-0.018,1365.91
1938-2-1,-6.02%,-0.0602,1283.7
1938-3-1,-3.44%,-0.0344,1239.5
1938-4-1,1.56%,0.0156,1258.79
1938-5-1,2.93%,0.0293,1295.72
1938-6-1,20.49%,0.2049,1561.16
1938-7-1,1.06%,0.0106,1577.67
1938-8-1,-4.08%,-0.0408,1513.23
1938-9-1,11.62%,0.1162,1689.03
1938-10-1,0.47%,0.0047,1696.9
1938-11-1,-2.55%,-0.0255,1653.62
1938-12-1,-1.16%,-0.0116,1634.4
1939-1-1,-0.46%,-0.0046,1626.92
1939-2-1,0.27%,0.0027,1631.25
1939-3-1,-12.24%,-0.1224,1431.57
1939-4-1,4.10%,0.041,1490.21
1939-5-1,2.17%,0.0217,1522.57
1939-6-1,2.84%,0.0284,1565.75
1939-7-1,-1.07%,-0.0107,1549.04
1939-8-1,11.06%,0.1106,1720.3
1939-9-1,1.38%,0.0138,1744.1
1939-10-1,-1.41%,-0.0141,1719.54
1939-11-1,-1.97%,-0.0197,1685.61
1939-12-1,-0.15%,-0.0015,1683.11
1940-1-1,-0.23%,-0.0023,1679.27
1940-2-1,-0.15%,-0.0015,1676.83
1940-3-1,1.42%,0.0142,1700.63
1940-4-1,-13.34%,-0.1334,1473.75
1940-5-1,-8.09%,-0.0809,1354.46
1940-6-1,3.87%,0.0387,1406.87
1940-7-1,2.65%,0.0265,1444.15
1940-8-1,4.76%,0.0476,1512.86
1940-9-1,1.47%,0.0147,1535.03
1940-10-1,2.85%,0.0285,1578.79
1940-11-1,-3.59%,-0.0359,1522.11
1940-12-1,0.72%,0.0072,1533.07
1941-1-1,-5.72%,-0.0572,1445.32
1941-2-1,1.18%,0.0118,1462.33
1941-3-1,-2.55%,-0.0255,1425.1
1941-4-1,-1.59%,-0.0159,1402.47
1941-5-1,4.11%,0.0411,1460.06
1941-6-1,5.71%,0.0571,1543.46
1941-7-1,0.08%,0.0008,1544.63
1941-8-1,0.86%,0.0086,1557.95
1941-9-1,-3.43%,-0.0343,1504.45
1941-10-1,-4.08%,-0.0408,1443.02
1941-11-1,-5.88%,-0.0588,1358.14
1941-12-1,2.62%,0.0262,1393.67
1942-1-1,-2.48%,-0.0248,1359.12
1942-2-1,-4.76%,-0.0476,1294.39
1942-3-1,-3.45%,-0.0345,1249.69
1942-4-1,1.87%,0.0187,1273.07
1942-5-1,5.75%,0.0575,1346.25
1942-6-1,4.38%,0.0438,1405.24
1942-7-1,0.05%,0.0005,1405.87
1942-8-1,1.66%,0.0166,1429.24
1942-9-1,7.97%,0.0797,1543.13
1942-10-1,2.15%,0.0215,1576.38
1942-11-1,1.06%,0.0106,1593.03
1942-12-1,6.50%,0.065,1696.63
1943-1-1,6.43%,0.0643,1805.79
1943-2-1,4.01%,0.0401,1878.29
1943-3-1,3.79%,0.0379,1949.41
1943-4-1,4.36%,0.0436,2034.47
1943-5-1,2.18%,0.0218,2078.81
1943-6-1,2.47%,0.0247,2130.21
1943-7-1,-4.54%,-0.0454,2033.52
1943-8-1,2.55%,0.0255,2085.44
1943-9-1,-0.50%,-0.005,2075
1943-10-1,-4.21%,-0.0421,1987.72
1943-11-1,1.77%,0.0177,2022.91
1943-12-1,3.67%,0.0367,2097.06
1944-1-1,-0.24%,-0.0024,2091.95
1944-2-1,3.24%,0.0324,2159.73
1944-3-1,-1.31%,-0.0131,2131.47
1944-4-1,2.20%,0.022,2178.43
1944-5-1,5.14%,0.0514,2290.45
1944-6-1,3.02%,0.0302,2359.6
1944-7-1,-1.06%,-0.0106,2334.69
1944-8-1,-1.23%,-0.0123,2306.09
1944-9-1,2.88%,0.0288,2372.59
1944-10-1,-0.28%,-0.0028,2365.85
1944-11-1,2.60%,0.026,2427.36
1944-12-1,3.38%,0.0338,2509.51
1945-1-1,3.73%,0.0373,2603.2
1945-2-1,0.31%,0.0031,2611.39
1945-3-1,2.90%,0.029,2687.16
1945-4-1,4.16%,0.0416,2798.97
1945-5-1,2.19%,0.0219,2860.19
1945-6-1,-1.70%,-0.017,2811.7
1945-7-1,0.71%,0.0071,2831.57
1945-8-1,7.18%,0.0718,3034.86
1945-9-1,4.51%,0.0451,3171.85
1945-10-1,3.61%,0.0361,3286.23
1945-11-1,2.02%,0.0202,3352.77
1945-12-1,4.30%,0.043,3496.9
1946-1-1,0.59%,0.0059,3517.38
1946-2-1,-2.68%,-0.0268,3423.19
1946-3-1,6.77%,0.0677,3654.92
1946-4-1,0.52%,0.0052,3673.86
1946-5-1,-0.34%,-0.0034,3661.41
1946-6-1,-2.55%,-0.0255,3568.14
1946-7-1,-1.62%,-0.0162,3510.2
1946-8-1,-14.42%,-0.1442,3003.95
1946-9-1,-1.87%,-0.0187,2947.71
1946-10-1,-0.01%,-0.0001,2947.32
1946-11-1,3.39%,0.0339,3047.36
1946-12-1,0.92%,0.0092,3075.39
1947-1-1,4.27%,0.0427,3206.7
1947-2-1,-3.67%,-0.0367,3088.93
1947-3-1,-3.30%,-0.033,2987.06
1947-4-1,-1.36%,-0.0136,2946.36
1947-5-1,3.92%,0.0392,3061.88
1947-6-1,6.69%,0.0669,3266.83
1947-7-1,-1.56%,-0.0156,3215.91
1947-8-1,-2.17%,-0.0217,3146.22
1947-9-1,3.03%,0.0303,3241.45
1947-10-1,-0.73%,-0.0073,3217.79
1947-11-1,-1.12%,-0.0112,3181.67
1947-12-1,-0.86%,-0.0086,3154.15
1948-1-1,-4.45%,-0.0445,3013.84
1948-2-1,1.92%,0.0192,3071.67
1948-3-1,8.19%,0.0819,3323.17
1948-4-1,5.33%,0.0533,3500.3
1948-5-1,4.59%,0.0459,3660.86
1948-6-1,-1.96%,-0.0196,3589.22
1948-7-1,-2.49%,-0.0249,3499.9
1948-8-1,-0.68%,-0.0068,3476.17
1948-9-1,3.19%,0.0319,3587.01
1948-10-1,-5.10%,-0.051,3404.04
1948-11-1,-0.16%,-0.0016,3398.66
1948-12-1,1.63%,0.0163,3454.04
1949-1-1,-3.33%,-0.0333,3339.1
1949-2-1,1.49%,0.0149,3388.9
1949-3-1,0.41%,0.0041,3402.92
1949-4-1,-0.18%,-0.0018,3396.7
1949-5-1,-4.91%,-0.0491,3229.82
1949-6-1,6.26%,0.0626,3432.12
1949-7-1,4.17%,0.0417,3575.26
1949-8-1,1.87%,0.0187,3642.16
1949-9-1,3.14%,0.0314,3756.59
1949-10-1,1.95%,0.0195,3829.74
1949-11-1,3.24%,0.0324,3953.89
1949-12-1,2.63%,0.0263,4057.88
1950-1-1,2.52%,0.0252,4160.24
1950-2-1,1.38%,0.0138,4217.45
1950-3-1,3.39%,0.0339,4360.26
1950-4-1,3.91%,0.0391,4530.94
1950-5-1,2.16%,0.0216,4629.02
1950-6-1,-6.72%,-0.0672,4317.79
1950-7-1,6.64%,0.0664,4604.38
1950-8-1,4.11%,0.0411,4793.56
1950-9-1,4.72%,0.0472,5019.88
1950-10-1,0.38%,0.0038,5038.76
1950-11-1,0.19%,0.0019,5048.57
1950-12-1,8.01%,0.0801,5453.1
1951-1-1,4.31%,0.0431,5688.06
1951-2-1,-1.11%,-0.0111,5624.78
1951-3-1,1.93%,0.0193,5733.14
1951-4-1,0.63%,0.0063,5769.17
1951-5-1,-1.15%,-0.0115,5703.11
1951-6-1,2.37%,0.0237,5838.08
1951-7-1,4.97%,0.0497,6127.96
1951-8-1,3.14%,0.0314,6320.12
1951-9-1,0.03%,0.0003,6321.91
1951-10-1,-2.25%,-0.0225,6179.46
1951-11-1,3.61%,0.0361,6402.73
1951-12-1,3.83%,0.0383,6648.2
1952-1-1,-1.33%,-0.0133,6559.64
1952-2-1,0.75%,0.0075,6608.82
1952-3-1,0.20%,0.002,6622.24
1952-4-1,0.46%,0.0046,6652.69
1952-5-1,3.24%,0.0324,6868.56
1952-6-1,3.37%,0.0337,7099.81
1952-7-1,0.88%,0.0088,7162.33
1952-8-1,-1.11%,-0.0111,7082.92
1952-9-1,-1.61%,-0.0161,6968.82
1952-10-1,3.67%,0.0367,7224.4
1952-11-1,4.51%,0.0451,7550.15
1952-12-1,0.99%,0.0099,7624.81
1953-1-1,-0.77%,-0.0077,7565.84
1953-2-1,0.96%,0.0096,7638.25
1953-3-1,-4.47%,-0.0447,7296.6
1953-4-1,1.00%,0.01,7369.76
1953-5-1,-3.11%,-0.0311,7140.74
1953-6-1,1.91%,0.0191,7277.39
1953-7-1,0.90%,0.009,7342.8
1953-8-1,-4.11%,-0.0411,7041.24
1953-9-1,3.52%,0.0352,7288.86
1953-10-1,2.71%,0.0271,7486.26
1953-11-1,1.84%,0.0184,7623.76
1953-12-1,3.02%,0.0302,7854.3
1954-1-1,2.68%,0.0268,8064.5
1954-2-1,2.58%,0.0258,8272.76
1954-3-1,4.45%,0.0445,8640.94
1954-4-1,4.42%,0.0442,9023.09
1954-5-1,1.22%,0.0122,9133.45
1954-6-1,4.46%,0.0446,9540.56
1954-7-1,2.39%,0.0239,9768.98
1954-8-1,2.74%,0.0274,10036.63
1954-9-1,2.71%,0.0271,10308.69
1954-10-1,4.30%,0.043,10752.19
1954-11-1,4.95%,0.0495,11284.78
1954-12-1,2.17%,0.0217,11529.49
1955-1-1,3.70%,0.037,11956.63
1955-2-1,-0.44%,-0.0044,11904.45
1955-3-1,3.81%,0.0381,12357.8
1955-4-1,-0.08%,-0.0008,12348.07
1955-5-1,6.15%,0.0615,13106.87
1955-6-1,7.64%,0.0764,14108.78
1955-7-1,-0.30%,-0.003,14066.55
1955-8-1,4.82%,0.0482,14744.05
1955-9-1,-4.72%,-0.0472,14047.42
1955-10-1,7.07%,0.0707,15040.03
1955-11-1,1.24%,0.0124,15226.1
1955-12-1,-2.39%,-0.0239,14862.54
1956-1-1,0.95%,0.0095,15003.64
1956-2-1,7.21%,0.0721,16084.82
1956-3-1,1.48%,0.0148,16323.32
1956-4-1,-2.84%,-0.0284,15859.99
1956-5-1,-0.26%,-0.0026,15818.43
1956-6-1,5.75%,0.0575,16727.81
1956-7-1,-0.28%,-0.0028,16680.18
1956-8-1,-3.09%,-0.0309,16164.96
1956-9-1,-0.95%,-0.0095,16010.81
1956-10-1,-0.71%,-0.0071,15896.74
1956-11-1,1.81%,0.0181,16184.3
1956-12-1,-1.86%,-0.0186,15882.85
1957-1-1,-4.00%,-0.04,15248.21
1957-2-1,1.62%,0.0162,15495.31
1957-3-1,2.64%,0.0264,15905.01
1957-4-1,4.16%,0.0416,16566.69
1957-5-1,1.95%,0.0195,16890.43
1957-6-1,2.32%,0.0232,17282.65
1957-7-1,-5.21%,-0.0521,16383.07
1957-8-1,-3.74%,-0.0374,15770.43
1957-9-1,-5.90%,-0.059,14840.51
1957-10-1,-1.80%,-0.018,14573.31
1957-11-1,0.32%,0.0032,14619.67
1957-12-1,2.33%,0.0233,14960.11
1958-1-1,0.70%,0.007,15065.12
1958-2-1,2.42%,0.0242,15429.53
1958-3-1,0.90%,0.009,15567.85
1958-4-1,3.56%,0.0356,16121.73
1958-5-1,2.74%,0.0274,16562.69
1958-6-1,3.07%,0.0307,17071.29
1958-7-1,4.05%,0.0405,17763.41
1958-8-1,2.94%,0.0294,18286.32
1958-9-1,4.36%,0.0436,19083.42
1958-10-1,3.33%,0.0333,19718.19
1958-11-1,2.16%,0.0216,20144.58
1958-12-1,4.25%,0.0425,21001.67
1959-1-1,-1.27%,-0.0127,20735.99
1959-2-1,2.81%,0.0281,21317.88
1959-3-1,1.94%,0.0194,21730.68
1959-4-1,1.77%,0.0177,22114.32
1959-5-1,-0.61%,-0.0061,21980.25
1959-6-1,4.23%,0.0423,22909.48
1959-7-1,-0.32%,-0.0032,22836.52
1959-8-1,-3.70%,-0.037,21990.83
1959-9-1,0.18%,0.0018,22029.69
1959-10-1,0.67%,0.0067,22177.09
1959-11-1,3.46%,0.0346,22945.11
1959-12-1,-1.49%,-0.0149,22604.2
1960-1-1,-3.61%,-0.0361,21788.36
1960-2-1,-1.08%,-0.0108,21553.45
1960-3-1,1.58%,0.0158,21894.92
1960-4-1,-0.62%,-0.0062,21758.17
1960-5-1,3.99%,0.0399,22625.91
1960-6-1,-2.20%,-0.022,22129.02
1960-7-1,1.49%,0.0149,22458.93
1960-8-1,-2.72%,-0.0272,21847.88
1960-9-1,-1.67%,-0.0167,21482.15
1960-10-1,3.54%,0.0354,22242.8
1960-11-1,2.69%,0.0269,22841.28
1960-12-1,5.43%,0.0543,24080.86
1961-1-1,4.37%,0.0437,25134.18
1961-2-1,3.40%,0.034,25988
1961-3-1,2.92%,0.0292,26746.59
1961-4-1,1.26%,0.0126,27084.5
1961-5-1,-1.08%,-0.0108,26791.93
1961-6-1,-0.03%,-0.0003,26784.45
1961-7-1,3.84%,0.0384,27812.69
1961-8-1,-0.54%,-0.0054,27662.03
1961-9-1,1.34%,0.0134,28033.55
1961-10-1,4.77%,0.0477,29371.32
1961-11-1,1.16%,0.0116,29712.91
1961-12-1,-3.49%,-0.0349,28676.79
1962-1-1,1.91%,0.0191,29224.37
1962-2-1,0.34%,0.0034,29324.02
1962-3-1,-2.94%,-0.0294,28460.45
1962-4-1,-7.19%,-0.0719,26415.54
1962-5-1,-11.41%,-0.1141,23400.8
1962-6-1,2.72%,0.0272,24036.69
1962-7-1,3.02%,0.0302,24763.32
1962-8-1,-0.59%,-0.0059,24616.39
1962-9-1,-2.86%,-0.0286,23913.27
1962-10-1,7.20%,0.072,25635.23
1962-11-1,4.62%,0.0462,26820.54
1962-12-1,4.15%,0.0415,27932.71
1963-1-1,1.60%,0.016,28378.39
1963-2-1,-0.11%,-0.0011,28347.66
1963-3-1,4.98%,0.0498,29758.85
1963-4-1,2.27%,0.0227,30434.25
1963-5-1,0.22%,0.0022,30500.18
1963-6-1,-1.22%,-0.0122,30127.5
1963-7-1,3.03%,0.0303,31040.71
1963-8-1,2.89%,0.0289,31938.91
1963-9-1,0.50%,0.005,32098.57
1963-10-1,-0.31%,-0.0031,32000.16
1963-11-1,2.39%,0.0239,32766.04
1963-12-1,3.33%,0.0333,33857.21
1964-1-1,1.48%,0.0148,34358.27
1964-2-1,2.07%,0.0207,35069.84
1964-3-1,1.69%,0.0169,35663.61
1964-4-1,1.22%,0.0122,36098.83
1964-5-1,-0.35%,-0.0035,35972.25
1964-6-1,3.96%,0.0396,37397.12
1964-7-1,-1.23%,-0.0123,36938.76
1964-8-1,1.97%,0.0197,37664.77
1964-9-1,1.97%,0.0197,38406.83
1964-10-1,0.94%,0.0094,38766.69
1964-11-1,-1.49%,-0.0149,38188.94
1964-12-1,2.82%,0.0282,39266.17
1965-1-1,0.98%,0.0098,39649.03
1965-2-1,0.34%,0.0034,39782.09
1965-3-1,1.56%,0.0156,40401.75
1965-4-1,1.73%,0.0173,41101.75
1965-5-1,-4.51%,-0.0451,39249.15
1965-6-1,0.10%,0.001,39289.53
1965-7-1,2.12%,0.0212,40121.91
1965-8-1,3.60%,0.036,41564.74
1965-9-1,2.50%,0.025,42602.54
1965-10-1,1.08%,0.0108,43060.94
1965-11-1,-0.21%,-0.0021,42969.81
1965-12-1,1.98%,0.0198,43820.81
1966-1-1,-0.43%,-0.0043,43632.2
1966-2-1,-3.86%,-0.0386,41946.97
1966-3-1,3.32%,0.0332,43340.02
1966-4-1,-5.01%,-0.0501,41169.73
1966-5-1,-0.56%,-0.0056,40939.37
1966-6-1,0.02%,0.0002,40946.91
1966-7-1,-5.77%,-0.0577,38584.49
1966-8-1,-3.22%,-0.0322,37340.2
1966-9-1,-0.56%,-0.0056,37129.45
1966-10-1,5.32%,0.0532,39103.28
1966-11-1,0.72%,0.0072,39383.18
1966-12-1,4.13%,0.0413,41009.82
1967-1-1,3.73%,0.0373,42539.49
1967-2-1,2.63%,0.0263,43659.87
1967-3-1,1.99%,0.0199,44529.78
1967-4-1,2.06%,0.0206,45446.06
1967-5-1,-0.99%,-0.0099,44995.31
1967-6-1,1.99%,0.0199,45891.81
1967-7-1,1.85%,0.0185,46741.56
1967-8-1,1.65%,0.0165,47514.63
1967-9-1,0.10%,0.001,47560.91
1967-10-1,-2.88%,-0.0288,46190.33
1967-11-1,3.11%,0.0311,47627.65
1967-12-1,-0.02%,-0.0002,47619.33
1968-1-1,-4.26%,-0.0426,45592.18
1968-2-1,-1.56%,-0.0156,44881.29
1968-3-1,7.66%,0.0766,48319.98
1968-4-1,2.56%,0.0256,49555.85
1968-5-1,2.94%,0.0294,51013.14
1968-6-1,0.05%,0.0005,51038.09
1968-7-1,-1.93%,-0.0193,50051.06
1968-8-1,3.51%,0.0351,51806.69
1968-9-1,2.72%,0.0272,53214.37
1968-10-1,1.79%,0.0179,54164.65
1968-11-1,1.29%,0.0129,54860.83
1968-12-1,-3.99%,-0.0399,52674.56
1969-1-1,-0.24%,-0.0024,52548.9
1969-2-1,-1.91%,-0.0191,51543.22
1969-3-1,2.27%,0.0227,52715.44
1969-4-1,3.51%,0.0351,54567.59
1969-5-1,-4.97%,-0.0497,51854.86
1969-6-1,-4.21%,-0.0421,49674.2
1969-7-1,-0.28%,-0.0028,49533.31
1969-8-1,0.63%,0.0063,49844.64
1969-9-1,1.35%,0.0135,50515.76
1969-10-1,1.00%,0.01,51019.64
1969-11-1,-5.03%,-0.0503,48454.63
1969-12-1,-0.59%,-0.0059,48169.22
1970-1-1,-3.20%,-0.032,46629.69
1970-2-1,2.01%,0.0201,47568
1970-3-1,-2.75%,-0.0275,46260.97
1970-4-1,-11.20%,-0.112,41080.2
1970-5-1,-0.27%,-0.0027,40969.33
1970-6-1,0.52%,0.0052,41183.42
1970-7-1,3.26%,0.0326,42524.26
1970-8-1,6.32%,0.0632,45212.34
1970-9-1,2.49%,0.0249,46337.91
1970-10-1,0.21%,0.0021,46433.71
1970-11-1,7.16%,0.0716,49757.6
1970-12-1,4.11%,0.0411,51802.98
1971-1-1,4.15%,0.0415,53953.35
1971-2-1,2.83%,0.0283,55481.23
1971-3-1,3.67%,0.0367,57519.53
1971-4-1,-1.11%,-0.0111,56882.29
1971-5-1,-1.60%,-0.016,55974.53
1971-6-1,-0.46%,-0.0046,55715.39
1971-7-1,-1.52%,-0.0152,54870.12
1971-8-1,2.49%,0.0249,56234.41
1971-9-1,-1.86%,-0.0186,55186.38
1971-10-1,-4.37%,-0.0437,52773.89
1971-11-1,7.16%,0.0716,56554.41
1971-12-1,4.42%,0.0442,59055.55
1972-1-1,2.09%,0.0209,60288.01
1972-2-1,2.62%,0.0262,61867.33
1972-3-1,1.26%,0.0126,62646.17
1972-4-1,-0.78%,-0.0078,62160.11
1972-5-1,0.52%,0.0052,62480.91
1972-6-1,-0.50%,-0.005,62166.1
1972-7-1,3.78%,0.0378,64518.27
1972-8-1,-1.21%,-0.0121,63737.3
1972-9-1,0.42%,0.0042,64003.36
1972-10-1,5.25%,0.0525,67366.23
1972-11-1,2.31%,0.0231,68923.41
1972-12-1,0.99%,0.0099,69605.31
1973-1-1,-3.33%,-0.0333,67290.85
1973-2-1,-1.35%,-0.0135,66385.55
1973-3-1,-1.63%,-0.0163,65301.27
1973-4-1,-2.57%,-0.0257,63623.19
1973-5-1,-1.99%,-0.0199,62357.22
1973-6-1,1.21%,0.0121,63111.89
1973-7-1,-1.64%,-0.0164,62079.75
1973-8-1,2.00%,0.02,63318.42
1973-9-1,4.24%,0.0424,66000.16
1973-10-1,-6.85%,-0.0685,61477.26
1973-11-1,-6.81%,-0.0681,57293.56
1973-12-1,1.70%,0.017,58267.79
1974-1-1,-2.47%,-0.0247,56826.91
1974-2-1,4.57%,0.0457,59426.54
1974-3-1,-4.82%,-0.0482,56564.17
1974-4-1,-2.71%,-0.0271,55033.73
1974-5-1,0.46%,0.0046,55285.36
1974-6-1,-11.35%,-0.1135,49012.22
1974-7-1,-3.76%,-0.0376,47167.02
1974-8-1,-10.01%,-0.1001,42443.91
1974-9-1,2.38%,0.0238,43452.77
1974-10-1,3.74%,0.0374,45079.4
1974-11-1,-6.09%,-0.0609,42333.24
1974-12-1,8.63%,0.0863,45987.78
1975-1-1,10.81%,0.1081,50957.92
1975-2-1,4.97%,0.0497,53492.38
1975-3-1,1.49%,0.0149,54287.83
1975-4-1,6.71%,0.0671,57931.98
1975-5-1,2.89%,0.0289,59608.89
1975-6-1,0.43%,0.0043,59866.4
1975-7-1,-7.00%,-0.07,55677.99
1975-8-1,-0.85%,-0.0085,55203.24
1975-9-1,4.97%,0.0497,57947.53
1975-10-1,2.04%,0.0204,59130.65
1975-11-1,-1.18%,-0.0118,58433.12
1975-12-1,9.55%,0.0955,64010.73
1976-1-1,4.18%,0.0418,66685.19
1976-2-1,0.80%,0.008,67220.27
1976-3-1,1.10%,0.011,67956.64
1976-4-1,-0.38%,-0.0038,67696.18
1976-5-1,0.90%,0.009,68305.84
1976-6-1,2.67%,0.0267,70126.43
1976-7-1,-0.56%,-0.0056,69733.29
1976-8-1,2.44%,0.0244,71433.3
1976-9-1,-3.11%,-0.0311,69213
1976-10-1,-0.37%,-0.0037,68959.24
1976-11-1,3.79%,0.0379,71570.38
1976-12-1,-0.54%,-0.0054,71185.87
1977-1-1,-2.37%,-0.0237,69499.76
1977-2-1,-0.05%,-0.0005,69462.11
1977-3-1,-1.19%,-0.0119,68632.96
1977-4-1,0.06%,0.0006,68677.23
1977-5-1,0.90%,0.009,69295.16
1977-6-1,1.28%,0.0128,70183.83
1977-7-1,-2.08%,-0.0208,68724.97
1977-8-1,-1.18%,-0.0118,67917.23
1977-9-1,-2.20%,-0.022,66424.5
1977-10-1,0.98%,0.0098,67076.22
1977-11-1,-0.08%,-0.0008,67022.46
1977-12-1,-3.39%,-0.0339,64750.16
1978-1-1,-0.97%,-0.0097,64120.8
1978-2-1,0.27%,0.0027,64291.14
1978-3-1,4.83%,0.0483,67396.4
1978-4-1,5.50%,0.055,71106.12
1978-5-1,0.67%,0.0067,71585.06
1978-6-1,-0.06%,-0.0006,71540.47
1978-7-1,7.33%,0.0733,76783.05
1978-8-1,0.40%,0.004,77089.95
1978-9-1,-2.77%,-0.0277,74951.86
1978-10-1,-5.44%,-0.0544,70876.24
1978-11-1,1.92%,0.0192,72239.06
1978-12-1,4.19%,0.0419,75262.49
1979-1-1,-1.06%,-0.0106,74467
1979-2-1,2.34%,0.0234,76210.39
1979-3-1,2.43%,0.0243,78062.99
1979-4-1,-1.89%,-0.0189,76585.24
1979-5-1,2.42%,0.0242,78436.8
1979-6-1,1.42%,0.0142,79551.26
1979-7-1,5.01%,0.0501,83540.23
1979-8-1,1.54%,0.0154,84827.13
1979-9-1,-3.35%,-0.0335,81983.28
1979-10-1,-0.32%,-0.0032,81718.94
1979-11-1,4.40%,0.044,85317.84
1979-12-1,3.31%,0.0331,88143.96
1980-1-1,4.40%,0.044,92018.64
1980-2-1,-8.78%,-0.0878,83941.4
1980-3-1,-1.16%,-0.0116,82965.96
1980-4-1,5.04%,0.0504,87144.24
1980-5-1,6.86%,0.0686,93124.68
1980-6-1,4.97%,0.0497,97752.47
1980-7-1,3.50%,0.035,101178.38
1980-8-1,2.84%,0.0284,104047.61
1980-9-1,3.32%,0.0332,107506.95
1980-10-1,4.61%,0.0461,112468.07
1980-11-1,-1.24%,-0.0124,111068.09
1980-12-1,0.01%,0.0001,111079.18
1981-1-1,-3.07%,-0.0307,107668.86
1981-2-1,4.14%,0.0414,112129.9
1981-3-1,1.29%,0.0129,113580.63
1981-4-1,-1.62%,-0.0162,111743.73
1981-5-1,0.86%,0.0086,112702.03
1981-6-1,-2.02%,-0.0202,110429.67
1981-7-1,0.80%,0.008,111315.94
1981-8-1,-8.30%,-0.083,102073.73
1981-9-1,1.73%,0.0173,103836.8
1981-10-1,3.04%,0.0304,106997.31
1981-11-1,1.18%,0.0118,108259.2
1981-12-1,-4.80%,-0.048,103058.3
1982-1-1,-1.91%,-0.0191,101085.87
1982-2-1,-2.74%,-0.0274,98311.53
1982-3-1,5.47%,0.0547,103688.49
1982-4-1,0.57%,0.0057,104279.15
1982-5-1,-5.27%,-0.0527,98783
1982-6-1,0.24%,0.0024,99023.88
1982-7-1,0.79%,0.0079,99810.1
1982-8-1,12.10%,0.121,111883.51
1982-9-1,8.88%,0.0888,121820.33
1982-10-1,4.50%,0.045,127302.14
1982-11-1,1.36%,0.0136,129027.72
1982-12-1,3.93%,0.0393,134093.03
1983-1-1,2.13%,0.0213,136949.23
1983-2-1,3.87%,0.0387,142243.16
1983-3-1,4.20%,0.042,148213.66
1983-4-1,4.42%,0.0442,154770.65
1983-5-1,1.75%,0.0175,157484.56
1983-6-1,0.71%,0.0071,158599.76
1983-7-1,-2.41%,-0.0241,154781.97
1983-8-1,3.31%,0.0331,159911.19
1983-9-1,0.65%,0.0065,160947.29
1983-10-1,-1.14%,-0.0114,159110.2
1983-11-1,-0.13%,-0.0013,158906.34
1983-12-1,1.58%,0.0158,161410.6
1984-1-1,-5.11%,-0.0511,153159
1984-2-1,0.44%,0.0044,153836.51
1984-3-1,0.51%,0.0051,154616.77
1984-4-1,-0.25%,-0.0025,154226.25
1984-5-1,-1.85%,-0.0185,151375.68
1984-6-1,-0.91%,-0.0091,150000.51
1984-7-1,9.21%,0.0921,163810.4
1984-8-1,1.41%,0.0141,166115.16
1984-9-1,-0.41%,-0.0041,165430.09
1984-10-1,1.29%,0.0129,167557.36
1984-11-1,-0.71%,-0.0071,166371.8
1984-12-1,4.70%,0.047,174187.23
1985-1-1,5.79%,0.0579,184268.07
1985-2-1,-0.48%,-0.0048,183386.69
1985-3-1,1.02%,0.0102,185265.87
1985-4-1,2.74%,0.0274,190334.07
1985-5-1,2.51%,0.0251,195113.29
1985-6-1,2.25%,0.0225,199497.92
1985-7-1,-1.85%,-0.0185,195816.56
1985-8-1,-1.88%,-0.0188,192125.43
1985-9-1,1.50%,0.015,194998.79
1985-10-1,6.42%,0.0642,207518.72
1985-11-1,5.29%,0.0529,218505.83
1985-12-1,0.75%,0.0075,220148.4
1986-1-1,5.70%,0.057,232690.8
1986-2-1,6.18%,0.0618,247077.53
1986-3-1,2.74%,0.0274,253850.98
1986-4-1,0.49%,0.0049,255099.5
1986-5-1,3.13%,0.0313,263092.38
1986-6-1,-1.80%,-0.018,258346.42
1986-7-1,2.28%,0.0228,264238.92
1986-8-1,-2.46%,-0.0246,257748.59
1986-9-1,-0.09%,-0.0009,257516.95
1986-10-1,3.53%,0.0353,266614.89
1986-11-1,1.71%,0.0171,271171.18
1986-12-1,6.67%,0.0667,289267.44
1987-1-1,6.46%,0.0646,307959.55
1987-2-1,4.38%,0.0438,321437.12
1987-3-1,-0.86%,-0.0086,318684.29
1987-4-1,0.17%,0.0017,319235.08
1987-5-1,4.50%,0.045,333595.69
1987-6-1,3.12%,0.0312,344010.87
1987-7-1,6.45%,0.0645,366213.37
1987-8-1,-3.03%,-0.0303,355115.55
1987-9-1,-11.85%,-0.1185,313020.56
1987-10-1,-12.30%,-0.123,274508.34
1987-11-1,-1.33%,-0.0133,270844.49
1987-12-1,4.25%,0.0425,282346.02
1988-1-1,3.33%,0.0333,291744.09
1988-2-1,3.23%,0.0323,301173.43
1988-3-1,-0.89%,-0.0089,298504.96
1988-4-1,-2.19%,-0.0219,291972.88
1988-5-1,6.00%,0.06,309485.99
1988-6-1,-0.31%,-0.0031,308536.12
1988-7-1,-1.72%,-0.0172,303233.97
1988-8-1,1.93%,0.0193,309077.8
1988-9-1,3.80%,0.038,320827.75
1988-10-1,-2.02%,-0.0202,314346.24
1988-11-1,2.33%,0.0233,321657.79
1988-12-1,3.51%,0.0351,332956.52
1989-1-1,3.30%,0.033,343943.6
1989-2-1,-0.16%,-0.0016,343387.58
1989-3-1,3.56%,0.0356,355628.66
1989-4-1,4.12%,0.0412,370263.85
1989-5-1,3.39%,0.0339,382825.51
1989-6-1,2.80%,0.028,393545.29
1989-7-1,4.69%,0.0469,412005.53
1989-8-1,0.46%,0.0046,413882.36
1989-9-1,0.29%,0.0029,415067.13
1989-10-1,-1.81%,-0.0181,407539.67
1989-11-1,2.74%,0.0274,418692.84
1989-12-1,-2.21%,-0.0221,409434.59
1990-1-1,-2.53%,-0.0253,399087.43
1990-2-1,2.71%,0.0271,409891.39
1990-3-1,0.20%,0.002,410694.72
1990-4-1,3.85%,0.0385,426510.27
1990-5-1,3.17%,0.0317,440030.46
1990-6-1,0.17%,0.0017,440777.3
1990-7-1,-7.86%,-0.0786,406126.79
1990-8-1,-4.34%,-0.0434,388496.58
1990-9-1,-2.32%,-0.0232,379499.9
1990-10-1,2.98%,0.0298,390823.47
1990-11-1,4.59%,0.0459,408749
1990-12-1,-0.69%,-0.0069,405948.37
1991-1-1,11.61%,0.1161,453065.89
1991-2-1,3.04%,0.0304,466860.02
1991-3-1,2.26%,0.0226,477405.59
1991-4-1,-0.18%,-0.0018,476551.61
1991-5-1,0.35%,0.0035,478205.3
1991-6-1,0.78%,0.0078,481937.62
1991-7-1,2.68%,0.0268,494848.41
1991-8-1,-0.30%,-0.003,493348.52
1991-9-1,0.18%,0.0018,494244.67
1991-10-1,0.02%,0.0002,494322.74
1991-11-1,0.94%,0.0094,498945.35
1991-12-1,7.36%,0.0736,535657.87
1992-1-1,-0.60%,-0.006,532439.4
1992-2-1,-1.01%,-0.0101,527049.1
1992-3-1,0.26%,0.0026,528442.1
1992-4-1,2.07%,0.0207,539372.14
1992-5-1,-1.33%,-0.0133,532203.22
1992-6-1,1.91%,0.0191,542379.66
1992-7-1,0.94%,0.0094,547487.35
1992-8-1,0.38%,0.0038,549557.88
1992-9-1,-1.18%,-0.0118,543061.8
1992-10-1,2.76%,0.0276,558033.49
1992-11-1,3.27%,0.0327,576287.88
1992-12-1,0.14%,0.0014,577111.36
1993-1-1,1.72%,0.0172,587062.18
1993-2-1,2.15%,0.0215,599684.92
1993-3-1,-1.34%,-0.0134,591638.67
1993-4-1,0.72%,0.0072,595926.42
1993-5-1,0.87%,0.0087,601082.28
1993-6-1,0.06%,0.0006,601448.96
1993-7-1,1.76%,0.0176,612049.29
1993-8-1,1.35%,0.0135,620342.39
1993-9-1,1.24%,0.0124,628046.46
1993-10-1,0.01%,0.0001,628093.84
1993-11-1,0.89%,0.0089,633666.17
1993-12-1,1.74%,0.0174,644665.85
1994-1-1,-0.08%,-0.0008,644177.83
1994-2-1,-1.42%,-0.0142,635005.91
1994-3-1,-3.35%,-0.0335,613756.22
1994-4-1,1.06%,0.0106,620251.24
1994-5-1,1.11%,0.0111,627124.2
1994-6-1,-0.52%,-0.0052,623870.21
1994-7-1,3.08%,0.0308,643098.38
1994-8-1,0.82%,0.0082,648355.48
1994-9-1,-0.44%,-0.0044,645476.74
1994-10-1,-0.37%,-0.0037,643089.23
1994-11-1,-1.03%,-0.0103,636493.02
1994-12-1,2.45%,0.0245,652094.57
1995-1-1,3.82%,0.0382,676998.68
1995-2-1,2.56%,0.0256,694317.45
1995-3-1,3.22%,0.0322,716643.6
1995-4-1,3.35%,0.0335,740635.11
1995-5-1,3.18%,0.0318,764175.62
1995-6-1,3.55%,0.0355,791284.59
1995-7-1,0.51%,0.0051,795344.87
1995-8-1,3.72%,0.0372,824913.12
1995-9-1,0.91%,0.0091,832441.01
1995-10-1,2.36%,0.0236,852073.17
1995-11-1,3.39%,0.0339,880951.11
1995-12-1,0.16%,0.0016,882383.36
1996-1-1,5.90%,0.059,934482.74
1996-2-1,-0.20%,-0.002,932607.26
1996-3-1,0.20%,0.002,934444.89
1996-4-1,2.35%,0.0235,956449.44
1996-5-1,1.28%,0.0128,968678.54
1996-6-1,-3.48%,-0.0348,935001.8
1996-7-1,3.08%,0.0308,963760.15
1996-8-1,2.02%,0.0202,983264.02
1996-9-1,4.12%,0.0412,1023769.56
1996-10-1,5.05%,0.0505,1075491.24
1996-11-1,1.20%,0.012,1088378.07
1996-12-1,3.26%,0.0326,1123832.42
1997-1-1,4.36%,0.0436,1172844.59
1997-2-1,-0.62%,-0.0062,1165529.73
1997-3-1,-3.41%,-0.0341,1125840.57
1997-4-1,9.22%,0.0922,1229618.65
1997-5-1,5.34%,0.0534,1295241.25
1997-6-1,5.74%,0.0574,1369535.31
1997-7-1,0.35%,0.0035,1374298.41
1997-8-1,1.19%,0.0119,1390680.15
1997-9-1,1.65%,0.0165,1413562.07
1997-10-1,-1.15%,-0.0115,1397277.22
1997-11-1,2.63%,0.0263,1434090.12
1997-12-1,0.24%,0.0024,1437490.18
1998-1-1,6.40%,0.064,1529520.58
1998-2-1,5.31%,0.0531,1610782.05
1998-3-1,3.41%,0.0341,1665640.06
1998-4-1,-0.22%,-0.0022,1661944.71
1998-5-1,0.12%,0.0012,1663880.16
1998-6-1,4.47%,0.0447,1738216.78
1998-7-1,-6.97%,-0.0697,1617045.56
1998-8-1,-4.90%,-0.049,1537835.39
1998-9-1,1.29%,0.0129,1557686.64
1998-10-1,10.97%,0.1097,1728633.16
1998-11-1,4.10%,0.041,1799578.08
1998-12-1,5.05%,0.0505,1890415.15
1999-1-1,-0.07%,-0.0007,1889154.05
1999-2-1,2.92%,0.0292,1944383.65
1999-3-1,4.25%,0.0425,2027020.39
1999-4-1,-0.10%,-0.001,2025017.05
1999-5-1,-0.61%,-0.0061,2012628.66
1999-6-1,4.52%,0.0452,2103647.52
1999-7-1,-3.77%,-0.0377,2024247.75
1999-8-1,-0.60%,-0.006,2012142.41
1999-9-1,-1.27%,-0.0127,1986538.48
1999-10-1,7.11%,0.0711,2127700.9
1999-11-1,2.81%,0.0281,2187462.29
1999-12-1,-0.12%,-0.0012,2184860.69
2000-1-1,-2.48%,-0.0248,2130718.15
2000-2-1,3.94%,0.0394,2214688.76
2000-3-1,1.42%,0.0142,2246240.67
2000-4-1,-2.84%,-0.0284,2182474.52
2000-5-1,3.16%,0.0316,2251516.67
2000-6-1,0.85%,0.0085,2270662.27
2000-7-1,0.94%,0.0094,2291999.94
2000-8-1,-1.08%,-0.0108,2267254.35
2000-9-1,-5.21%,-0.0521,2149034.5
2000-10-1,-0.77%,-0.0077,2132431.83
2000-11-1,-3.32%,-0.0332,2061633.52
2000-12-1,0.46%,0.0046,2071014.11
2001-1-1,-2.14%,-0.0214,2026771.91
2001-2-1,-9.08%,-0.0908,1842742.99
2001-3-1,0.45%,0.0045,1851011.26
2001-4-1,6.88%,0.0688,1978348.48
2001-5-1,-2.39%,-0.0239,1931092.62
2001-6-1,-2.66%,-0.0266,1879721.17
2001-7-1,-2.05%,-0.0205,1841265.09
2001-8-1,-11.25%,-0.1125,1634172.03
2001-9-1,3.18%,0.0318,1686204.58
2001-10-1,5.05%,0.0505,1771410.96
2001-11-1,1.47%,0.0147,1797380.72
2001-12-1,-0.30%,-0.003,1792030.11
2002-1-1,-3.35%,-0.0335,1731947.48
2002-2-1,4.95%,0.0495,1817596.97
2002-3-1,-3.51%,-0.0351,1753718.76
2002-4-1,-2.82%,-0.0282,1704257.37
2002-5-1,-5.92%,-0.0592,1603349
2002-6-1,-10.76%,-0.1076,1430852.71
2002-7-1,1.14%,0.0114,1447147.13
2002-8-1,-4.76%,-0.0476,1378295.78
2002-9-1,-1.37%,-0.0137,1359453.89
2002-10-1,6.63%,0.0663,1449525.55
2002-11-1,-1.04%,-0.0104,1434522.07
2002-12-1,-0.22%,-0.0022,1431330
2003-1-1,-6.41%,-0.0641,1339512.53
2003-2-1,1.31%,0.0131,1357031.99
2003-3-1,5.29%,0.0529,1428762.79
2003-4-1,5.31%,0.0531,1504661.69
2003-5-1,5.70%,0.057,1590490.38
2003-6-1,0.60%,0.006,1599968.12
2003-7-1,-0.17%,-0.0017,1597306.99
2003-8-1,3.16%,0.0316,1647800.75
2003-9-1,2.03%,0.0203,1681215.33
2003-10-1,1.21%,0.0121,1701567.89
2003-11-1,3.06%,0.0306,1753700.71
2003-12-1,4.93%,0.0493,1840245.16
2004-1-1,1.09%,0.0109,1860242.41
2004-2-1,-1.57%,-0.0157,1831125.96
2004-3-1,0.97%,0.0097,1848853.76
2004-4-1,-2.56%,-0.0256,1801444.47
2004-5-1,2.86%,0.0286,1852923.93
2004-6-1,-2.24%,-0.0224,1811441.05
2004-7-1,-1.39%,-0.0139,1786306.03
2004-8-1,2.78%,0.0278,1836012.22
2004-9-1,0.10%,0.001,1837895.88
2004-10-1,4.77%,0.0477,1925635.12
2004-11-1,2.73%,0.0273,1978155.81
2004-12-1,-1.35%,-0.0135,1951466.1
2005-1-1,1.68%,0.0168,1984274.28
2005-2-1,-0.26%,-0.0026,1979202.71
2005-3-1,-2.41%,-0.0241,1931525.33
2005-4-1,1.34%,0.0134,1957328.01
2005-5-1,2.18%,0.0218,2000011.41
2005-6-1,1.81%,0.0181,2036167.44
2005-7-1,0.31%,0.0031,2042479.93
2005-8-1,0.28%,0.0028,2048192.55
2005-9-1,-2.62%,-0.0262,1994443.48
2005-10-1,3.96%,0.0396,2073454.2
2005-11-1,2.14%,0.0214,2117911.78
2005-12-1,1.47%,0.0147,2148976.67
2006-1-1,-0.02%,-0.0002,2148619.09
2006-2-1,1.49%,0.0149,2180550.53
2006-3-1,0.80%,0.008,2197958.55
2006-4-1,-0.79%,-0.0079,2180668.63
2006-5-1,-2.71%,-0.0271,2121664.25
2006-6-1,0.72%,0.0072,2136941.09
2006-7-1,2.29%,0.0229,2185914.64
2006-8-1,2.53%,0.0253,2241243.93
2006-9-1,3.62%,0.0362,2322285.36
2006-10-1,2.00%,0.02,2368769.22
2006-11-1,2.15%,0.0215,2419656.66
2006-12-1,0.69%,0.0069,2436420.69
2007-1-1,1.60%,0.016,2475307.13
2007-2-1,-2.47%,-0.0247,2414070.73
2007-3-1,4.18%,0.0418,2514985.16
2007-4-1,3.39%,0.0339,2600287.25
2007-5-1,0.34%,0.0034,2609255.68
2007-6-1,0.57%,0.0057,2624248.97
2007-7-1,-4.20%,-0.042,2514001.44
2007-8-1,3.07%,0.0307,2591300.54
2007-9-1,2.99%,0.0299,2668822.74
2007-10-1,-4.81%,-0.0481,2540550.84
2007-11-1,1.24%,0.0124,2572008.47
2007-12-1,-6.64%,-0.0664,2401350.63
2008-1-1,-1.56%,-0.0156,2363794.33
2008-2-1,-2.63%,-0.0263,2301706.07
2008-3-1,4.24%,0.0424,2399385.93
2008-4-1,2.56%,0.0256,2460872.69
2008-5-1,-4.25%,-0.0425,2356369.71
2008-6-1,-6.08%,-0.0608,2213138.45
2008-7-1,2.11%,0.0211,2259847.51
2008-8-1,-4.85%,-0.0485,2150300.58
2008-9-1,-20.19%,-0.2019,1716077.81
2008-10-1,-8.61%,-0.0861,1568403.34
2008-11-1,-0.35%,-0.0035,1562894.84
2008-12-1,-1.10%,-0.011,1545772.44
2009-1-1,-6.70%,-0.067,1442166.94
2009-2-1,-5.69%,-0.0569,1360144.61
2009-3-1,12.32%,0.1232,1527738.23
2009-4-1,6.66%,0.0666,1629482.88
2009-5-1,2.87%,0.0287,1676230.48
2009-6-1,1.28%,0.0128,1697646.7
2009-7-1,8.12%,0.0812,1835508.26
2009-8-1,3.65%,0.0365,1902510.61
2009-9-1,2.40%,0.024,1948230
2009-10-1,2.09%,0.0209,1989032.29
2009-11-1,2.23%,0.0223,2033305.31
2009-12-1,1.36%,0.0136,2060896.61
2010-1-1,-2.90%,-0.029,2001162.07
2010-2-1,5.94%,0.0594,2120091.85
2010-3-1,4.09%,0.0409,2206759.72
2010-4-1,-5.88%,-0.0588,2076949.36
2010-5-1,-3.54%,-0.0354,2003351.33
2010-6-1,-0.16%,-0.0016,2000164.54
2010-7-1,0.86%,0.0086,2017438.19
2010-8-1,3.37%,0.0337,2085449.15
2010-9-1,4.58%,0.0458,2180909.26
2010-10-1,2.49%,0.0249,2235233.85
2010-11-1,3.71%,0.0371,2318244.53
2010-12-1,3.46%,0.0346,2398506.64
2011-1-1,3.15%,0.0315,2474080.32
2011-2-1,-1.11%,-0.0111,2446557.14
2011-3-1,2.22%,0.0222,2500894.76
2011-4-1,0.66%,0.0066,2517381.53
2011-5-1,-3.66%,-0.0366,2425179.91
2011-6-1,3.10%,0.031,2500402.58
2011-7-1,-10.40%,-0.104,2240344.53
2011-8-1,-0.79%,-0.0079,2222662.72
2011-9-1,3.02%,0.0302,2289762.82
2011-10-1,1.77%,0.0177,2330225.74
2011-11-1,1.55%,0.0155,2366454.94
2011-12-1,4.78%,0.0478,2479632.02
2012-1-1,4.16%,0.0416,2582849.4
2012-2-1,2.88%,0.0288,2657334.58
2012-3-1,-0.04%,-0.0004,2656319.2
2012-4-1,-3.09%,-0.0309,2574213.64
2012-5-1,-1.15%,-0.0115,2544548.12
2012-6-1,2.92%,0.0292,2618876.58
2012-7-1,3.39%,0.0339,2707596.28
2012-8-1,3.02%,0.0302,2789397.26
2012-9-1,-0.22%,-0.0022,2783340.51
2012-10-1,-2.84%,-0.0284,2704363.39
2012-11-1,2.18%,0.0218,2763197.77
2012-12-1,4.27%,0.0427,2881152.09
2013-1-1,2.33%,0.0233,2948370
2013-2-1,2.72%,0.0272,3028638.01
2013-3-1,1.45%,0.0145,3072668.09
2013-4-1,4.57%,0.0457,3213220.22
2013-5-1,-1.12%,-0.0112,3177303.65
2013-6-1,3.25%,0.0325,3280708.27
2013-7-1,0.25%,0.0025,3288992.99
2013-8-1,1.19%,0.0119,3328213.15
2013-9-1,2.12%,0.0212,3398689.73
2013-10-1,3.86%,0.0386,3529878.95
2013-11-1,1.52%,0.0152,3583591.76
2013-12-1,0.97%,0.0097,3618274.04
2014-1-1,-0.13%,-0.0013,3613568.98
2014-2-1,2.72%,0.0272,3711940.06
2014-3-1,0.20%,0.002,3719427.94
2014-4-1,1.53%,0.0153,3776410.86
2014-5-1,3.20%,0.032,3897116.96
2014-6-1,1.50%,0.015,3955410.89
2014-7-1,-0.43%,-0.0043,3938523.23
2014-8-1,1.78%,0.0178,4008551.51
2014-9-1,-2.65%,-0.0265,3902461.84
2014-10-1,5.71%,0.0571,4125122.74
2014-11-1,0.63%,0.0063,4151271.38
2014-12-1,-1.11%,-0.0111,4105190.38
2015-1-1,2.83%,0.0283,4221260.45
2015-2-1,0.06%,0.0006,4223597.49
2015-3-1,0.88%,0.0088,4260697.97
2015-4-1,0.98%,0.0098,4302406.11
2015-5-1,-0.44%,-0.0044,4283669.13
2015-6-1,-0.08%,-0.0008,4280258.04
2015-7-1,-2.42%,-0.0242,4176487.57
2015-8-1,-4.51%,-0.0451,3988249.29
2015-9-1,4.32%,0.0432,4160426.77
2015-10-1,2.93%,0.0293,4282430.04
2015-11-1,-1.10%,-0.011,4235196.12
2015-12-1,-6.42%,-0.0642,3963312.55
2016-1-1,-0.55%,-0.0055,3941517.94
2016-2-1,6.36%,0.0636,4192305.98
2016-3-1,2.83%,0.0283,4311001.08
2016-4-1,-0.30%,-0.003,4297879.89
2016-5-1,1.07%,0.0107,4343716.36
2016-6-1,3.30%,0.033,4486947.75
2016-7-1,1.20%,0.012,4540757.79
2016-8-1,-0.44%,-0.0044,4520838.79
2016-9-1,-0.51%,-0.0051,4497964.2
2016-10-1,1.20%,0.012,4551991.98
2016-11-1,3.95%,0.0395,4731611.93
2016-12-1,1.44%,0.0144,4799635.23
2017-1-1,2.58%,0.0258,4923295.21
2017-2-1,1.75%,0.0175,5009416.29
2017-3-1,-0.15%,-0.0015,5001701.58
2017-4-1,1.69%,0.0169,5086349.04
2017-5-1,1.78%,0.0178,5176704.37
2017-6-1,0.99%,0.0099,5227844.21
2017-7-1,0.25%,0.0025,5240799.08
2017-8-1,1.65%,0.0165,5327443.28
2017-9-1,2.73%,0.0273,5473138.15
2017-10-1,1.59%,0.0159,5560137.45
2017-11-1,2.88%,0.0288,5720463.25
2017-12-1,4.86%,0.0486,5998586.36
2018-1-1,-2.89%,-0.0289,5825425.98
2018-2-1,0.06%,0.0006,5829187.94
2018-3-1,-1.66%,-0.0166,5732191.89
2018-4-1,1.96%,0.0196,5844635.77
2018-5-1,2.11%,0.0211,5968131.16
2018-6-1,1.58%,0.0158,6062471.91
2018-7-1,2.45%,0.0245,6211051.27
2018-8-1,1.68%,0.0168,6315381.27
2018-9-1,-3.85%,-0.0385,6072303.12
2018-10-1,-2.08%,-0.0208,5946235.53
2018-11-1,-5.56%,-0.0556,5615475.45
2018-12-1,1.74%,0.0174,5712939.69
2019-1-1,5.83%,0.0583,6045941.38
2019-2-1,1.95%,0.0195,6163717.64
2019-3-1,3.72%,0.0372,6393206.39
2019-4-1,-1.53%,-0.0153,6295275.98
2019-5-1,1.40%,0.014,6383708.82
2019-6-1,3.83%,0.0383,6628035.3
2019-7-1,-3.13%,-0.0313,6420285.24
2019-8-1,3.09%,0.0309,6618365.64
2019-9-1,0.01%,0.0001,6619014.42
2019-10-1,4.43%,0.0443,6912481.15
2019-11-1,2.47%,0.0247,7083172.42
2019-12-1,3.35%,0.0335,7320203.52
2020-1-1,0.12%,0.0012,7329139.8
2020-2-1,-18.92%,-0.1892,5942634.46
2020-3-1,4.32%,0.0432,6199273.93
2020-4-1,5.89%,0.0589,6564247.83
2020-5-1,6.51%,0.0651,6991466.93
2020-6-1,3.48%,0.0348,7234520.72
2020-7-1,5.89%,0.0589,7660887.55
2020-8-1,-0.63%,-0.0063,7612853.58
2020-9-1,1.73%,0.0173,7744251.54
2020-10-1,3.95%,0.0395,8050468.28
2020-11-1,4.26%,0.0426,8393424.7
2020-12-1,2.80%,0.028,8628046.08
2021-1-1,2.49%,0.0249,8843016.31
2021-2-1,0.82%,0.0082,8915649.11
2021-3-1,6.02%,0.0602,9452503.68
2021-4-1,0.76%,0.0076,9524364.59
2021-5-1,1.81%,0.0181,9696795.86
2021-6-1,3.07%,0.0307,9994313.09
2021-7-1,2.19%,0.0219,10212705.01
2021-8-1,-0.08%,-0.0008,10204075.39
2021-9-1,0.45%,0.0045,10250215.78
2021-10-1,4.74%,0.0474,10736562.29
2021-11-1,0.27%,0.0027,10765057.51
2021-12-1,-2.05%,-0.0205,10544163.6
2022-1-1,-2.90%,-0.029,10238111.89
2022-2-1,-0.89%,-0.0089,10146728.18
2022-3-1,0.12%,0.0012,10158731.95
2022-4-1,-7.87%,-0.0787,9358962.38
2022-5-1,-3.37%,-0.0337,9043622.92
2022-6-1,0.46%,0.0046,9085647.31
2022-7-1,6.45%,0.0645,9671434.77
2022-8-1,-7.28%,-0.0728,8967605.38
2022-9-1,-3.09%,-0.0309,8690400.99
2022-10-1,1.19%,0.0119,8794187.7
